<?xml version="1.0" encoding="UTF-8"?>
<!DOCTYPE mapper
PUBLIC "-//mybatis.org//DTD mapper 3.0//EN"
"http://mybatis.org/dtd/mybatis-3-mapper.dtd">

<mapper namespace="contact">

	<!-- 전체목록(검색 + 페이징) -->
	<select id="listAll" resultType="com.example.project.vo.ContactVO">
		select * from contact
		<include refid="search" />
		order by bno desc, regdate desc
		limit #{skip}, #{amount}
		<!-- limit 0, 10 -->
	</select>

	<!-- 삽입 -->
	<insert id="insert">
		insert into contact(title, content, writer)
		values(#{title}, #{content}, #{writer})
	</insert>

	<!-- 조회(상세조회) -->
	<select id="view" resultType="com.example.project.vo.ContactVO">
		select * from contact where
		bno=#{bno}
	</select>

	
	
	<!-- 추가된 검색 sql -->
	<sql id="search">
		<choose>
			<when test="searchOption.equals('all')">
				where writer like concat('%', #{keyword}, '%')
				or title like concat('%', #{keyword}, '%')
				or content like concat('%', #{keyword}, '%')
			</when>
			<when test="searchOption.equals('writer')">
				where writer like concat('%', #{keyword}, '%')
			</when>
			<when test="searchOption.equals('title')">
				where title like concat('%', #{keyword}, '%')
			</when>
			<when test="searchOption.equals('content')">
				where content like concat('%', #{keyword}, '%')
			</when>
		</choose>

	</sql>

	<select id="countArticle" resultType="int">
		select count(*) from contact
		<include refid="search" />
	</select>

	<!-- 수정 -->
	<update id="update">
		update contact set title=#{title}, content=#{content},
		writer=#{writer} where bno=#{bno}
	</update>

	<!-- 삭제 -->
	<delete id="delete">
		delete from contact where bno=#{bno}
	</delete>

	<!-- 조회수 증가 -->
	<update id="increaseViewcnt">
		update contact set viewcnt=viewcnt+1 where bno=#{bno}
	</update>
</mapper>