<?xml version="1.0" encoding="UTF-8"?>
<!DOCTYPE mapper
PUBLIC "-//mybatis.org//DTD mapper 3.0//EN"
"http://mybatis.org/dtd/mybatis-3-mapper.dtd">

<mapper namespace ="member">


<!-- 전체목록 -->
<select id="memberList" resultType="com.example.project.vo.MemberVO">
select * from tbl_member
</select>

<!-- insert -->
<insert id="insertMember">
insert into tbl_member(userId, userPw, userName, userEmail)
values (#{userId}, #{userPw}, #{userName}, #{userEmail} )
</insert>

<select id="viewMember" resultType="com.example.project.vo.MemberVO">
select userId,userPw,userName,userEmail
from tbl_member where userId=#{userId}
</select>

<update id="updateMember"> 
UPDATE tbl_member SET userPw = #{userPw}, userName = #{userName}, userEmail = #{userEmail}, 
userUpdatedate = now() WHERE userId = #{userId} 
</update>

<delete id="deleteMember">
delete from tbl_member where userId=#{userId}
</delete>

<select id="checkPw" resultType="int">
select count(*) from tbl_member where userId=#{userId} and userPw=#{userPw}
</select>







</mapper>