<?xml version="1.0" encoding="UTF-8"?>
<!DOCTYPE mapper
PUBLIC "-//mybatis.org//DTD mapper 3.0//EN"
"http://mybatis.org/dtd/mybatis-3-mapper.dtd">

<mapper namespace="product">

	<!-- 전체목록(검색 + 페이징) -->
	<select id="listAll" resultType="com.example.project.vo.ProductVO">
		select * from product
		<include refid="search" />
		order by bno asc
		<!-- limit #{skip}, #{amount} -->
		<!-- limit 0, 10 -->
	</select>
	
	<!-- 추가된 검색 sql -->
	<sql id="search">
		<choose>
			<when test="searchOption.equals('all')">
				where name like concat('%', #{keyword}, '%')
				or title like concat('%', #{keyword}, '%')
			</when>
			<!-- <when test="searchOption.equals('writer')">
				where writer like concat('%', #{keyword}, '%')
			</when>
			<when test="searchOption.equals('title')">
				where title like concat('%', #{keyword}, '%')
			</when>
			<when test="searchOption.equals('content')">
				where content like concat('%', #{keyword}, '%')
			</when> -->
		</choose>
	</sql>

	<!-- 조회(상세조회) -->
	<select id="view" resultType="com.example.project.vo.ProductVO">
		select * from product where
		bno=#{bno}
	</select>

	<select id="countArticle" resultType="int">
		select count(*) from product
		<include refid="search" />
	</select>

</mapper>